Scholarship_Name,Scholarship_Amount,Scholarship_DueDate,Scholarship_AwardsAvailable,Scholarship_Contact_Address
Make A Ripple  Change the World Kindness Action Competition,"$1,000 ",January 21  2022,5,8500 Shawnee Mission Pkwy Suite L26 Merriam  KS 66202
Species On The Edge 2.0 Social Media Contest,"$1,000 ",May 19  2022,3,501 East State Street Building 5  3rd Floor Trenton  NJ 08625
You Will Be Found College Essay Writing Challenge,"$1,500 ",April 26  2022,1,372 Fifth Avenue Suite 10B New York  NY 10018
Make A Ripple  Change the World Kindness Action Competition,"$1,000 ",January 21  2022,5,8500 Shawnee Mission Pkwy Suite L26 Merriam  KS 66202
Species On The Edge 2.0 Social Media Contest,"$1,000 ",May 19  2022,3,501 East State Street Building 5  3rd Floor Trenton  NJ 08625
You Will Be Found College Essay Writing Challenge,"$1,500 ",April 26  2022,1,372 Fifth Avenue Suite 10B New York  NY 10018
Make A Ripple  Change the World Kindness Action Competition,"$1,000 ",January 21  2022,5,8500 Shawnee Mission Pkwy Suite L26 Merriam  KS 66202
Species On The Edge 2.0 Social Media Contest,"$1,000 ",May 19  2022,3,501 East State Street Building 5  3rd Floor Trenton  NJ 08625
You Will Be Found College Essay Writing Challenge,"$1,500 ",April 26  2022,1,372 Fifth Avenue Suite 10B New York  NY 10018
Make A Ripple  Change the World Kindness Action Competition,"$1,000 ",January 21  2022,5,8500 Shawnee Mission Pkwy Suite L26 Merriam  KS 66202
Species On The Edge 2.0 Social Media Contest,"$1,000 ",May 19  2022,3,501 East State Street Building 5  3rd Floor Trenton  NJ 08625
You Will Be Found College Essay Writing Challenge,"$1,500 ",April 26  2022,1,372 Fifth Avenue Suite 10B New York  NY 10018
Make A Ripple  Change the World Kindness Action Competition,"$1,000 ",January 21  2022,5,8500 Shawnee Mission Pkwy Suite L26 Merriam  KS 66202
Species On The Edge 2.0 Social Media Contest,"$1,000 ",May 19  2022,3,501 East State Street Building 5  3rd Floor Trenton  NJ 08625
You Will Be Found College Essay Writing Challenge,"$1,500 ",April 26  2022,1,372 Fifth Avenue Suite 10B New York  NY 10018
Make A Ripple  Change the World Kindness Action Competition,"$1,000 ",January 21  2022,5,8500 Shawnee Mission Pkwy Suite L26 Merriam  KS 66202
Species On The Edge 2.0 Social Media Contest,"$1,000 ",May 19  2022,3,501 East State Street Building 5  3rd Floor Trenton  NJ 08625
You Will Be Found College Essay Writing Challenge,"$1,500 ",April 26  2022,1,372 Fifth Avenue Suite 10B New York  NY 10018
Make A Ripple  Change the World Kindness Action Competition,"$1,000 ",January 21  2022,5,8500 Shawnee Mission Pkwy Suite L26 Merriam  KS 66202
Species On The Edge 2.0 Social Media Contest,"$1,000 ",May 19  2022,3,501 East State Street Building 5  3rd Floor Trenton  NJ 08625
You Will Be Found College Essay Writing Challenge,"$1,500 ",April 26  2022,1,372 Fifth Avenue Suite 10B New York  NY 10018
Make A Ripple  Change the World Kindness Action Competition,"$1,000 ",January 21  2022,5,8500 Shawnee Mission Pkwy Suite L26 Merriam  KS 66202
Species On The Edge 2.0 Social Media Contest,"$1,000 ",May 19  2022,3,501 East State Street Building 5  3rd Floor Trenton  NJ 08625
You Will Be Found College Essay Writing Challenge,"$1,500 ",April 26  2022,1,372 Fifth Avenue Suite 10B New York  NY 10018
Make A Ripple  Change the World Kindness Action Competition,"$1,000 ",January 21  2022,5,8500 Shawnee Mission Pkwy Suite L26 Merriam  KS 66202
Species On The Edge 2.0 Social Media Contest,"$1,000 ",May 19  2022,3,501 East State Street Building 5  3rd Floor Trenton  NJ 08625
You Will Be Found College Essay Writing Challenge,"$1,500 ",April 26  2022,1,372 Fifth Avenue Suite 10B New York  NY 10018
Make A Ripple  Change the World Kindness Action Competition,"$1,000 ",January 21  2022,5,8500 Shawnee Mission Pkwy Suite L26 Merriam  KS 66202
Species On The Edge 2.0 Social Media Contest,"$1,000 ",May 19  2022,3,501 East State Street Building 5  3rd Floor Trenton  NJ 08625
You Will Be Found College Essay Writing Challenge,"$1,500 ",April 26  2022,1,372 Fifth Avenue Suite 10B New York  NY 10018
Make A Ripple  Change the World Kindness Action Competition,"$1,000 ",January 21  2022,5,8500 Shawnee Mission Pkwy Suite L26 Merriam  KS 66202
Species On The Edge 2.0 Social Media Contest,"$1,000 ",May 19  2022,3,501 East State Street Building 5  3rd Floor Trenton  NJ 08625
You Will Be Found College Essay Writing Challenge,"$1,500 ",April 26  2022,1,372 Fifth Avenue Suite 10B New York  NY 10018
Make A Ripple  Change the World Kindness Action Competition,"$1,000 ",January 21  2022,5,8500 Shawnee Mission Pkwy Suite L26 Merriam  KS 66202
Species On The Edge 2.0 Social Media Contest,"$1,000 ",May 19  2022,3,501 East State Street Building 5  3rd Floor Trenton  NJ 08625
You Will Be Found College Essay Writing Challenge,"$1,500 ",April 26  2022,1,372 Fifth Avenue Suite 10B New York  NY 10018
Make A Ripple  Change the World Kindness Action Competition,"$1,000 ",January 21  2022,5,8500 Shawnee Mission Pkwy Suite L26 Merriam  KS 66202
Species On The Edge 2.0 Social Media Contest,"$1,000 ",May 19  2022,3,501 East State Street Building 5  3rd Floor Trenton  NJ 08625
You Will Be Found College Essay Writing Challenge,"$1,500 ",April 26  2022,1,372 Fifth Avenue Suite 10B New York  NY 10018
Make A Ripple  Change the World Kindness Action Competition,"$1,000 ",January 21  2022,5,8500 Shawnee Mission Pkwy Suite L26 Merriam  KS 66202
Species On The Edge 2.0 Social Media Contest,"$1,000 ",May 19  2022,3,501 East State Street Building 5  3rd Floor Trenton  NJ 08625
You Will Be Found College Essay Writing Challenge,"$1,500 ",April 26  2022,1,372 Fifth Avenue Suite 10B New York  NY 10018
Make A Ripple  Change the World Kindness Action Competition,"$1,000 ",January 21  2022,5,8500 Shawnee Mission Pkwy Suite L26 Merriam  KS 66202
Species On The Edge 2.0 Social Media Contest,"$1,000 ",May 19  2022,3,501 East State Street Building 5  3rd Floor Trenton  NJ 08625
You Will Be Found College Essay Writing Challenge,"$1,500 ",April 26  2022,1,372 Fifth Avenue Suite 10B New York  NY 10018
Make A Ripple  Change the World Kindness Action Competition,"$1,000 ",January 21  2022,5,8500 Shawnee Mission Pkwy Suite L26 Merriam  KS 66202
Species On The Edge 2.0 Social Media Contest,"$1,000 ",May 19  2022,3,501 East State Street Building 5  3rd Floor Trenton  NJ 08625
You Will Be Found College Essay Writing Challenge,"$1,500 ",April 26  2022,1,372 Fifth Avenue Suite 10B New York  NY 10018
Make A Ripple  Change the World Kindness Action Competition,"$1,000 ",January 21  2022,5,8500 Shawnee Mission Pkwy Suite L26 Merriam  KS 66202
Species On The Edge 2.0 Social Media Contest,"$1,000 ",May 19  2022,3,501 East State Street Building 5  3rd Floor Trenton  NJ 08625
You Will Be Found College Essay Writing Challenge,"$1,500 ",April 26  2022,1,372 Fifth Avenue Suite 10B New York  NY 10018
Make A Ripple  Change the World Kindness Action Competition,"$1,000 ",January 21  2022,5,8500 Shawnee Mission Pkwy Suite L26 Merriam  KS 66202
Species On The Edge 2.0 Social Media Contest,"$1,000 ",May 19  2022,3,501 East State Street Building 5  3rd Floor Trenton  NJ 08625
You Will Be Found College Essay Writing Challenge,"$1,500 ",April 26  2022,1,372 Fifth Avenue Suite 10B New York  NY 10018
Make A Ripple  Change the World Kindness Action Competition,"$1,000 ",January 21  2022,5,8500 Shawnee Mission Pkwy Suite L26 Merriam  KS 66202
Species On The Edge 2.0 Social Media Contest,"$1,000 ",May 19  2022,3,501 East State Street Building 5  3rd Floor Trenton  NJ 08625
You Will Be Found College Essay Writing Challenge,"$1,500 ",April 26  2022,1,372 Fifth Avenue Suite 10B New York  NY 10018
Make A Ripple  Change the World Kindness Action Competition,"$1,000 ",January 21  2022,5,8500 Shawnee Mission Pkwy Suite L26 Merriam  KS 66202
Species On The Edge 2.0 Social Media Contest,"$1,000 ",May 19  2022,3,501 East State Street Building 5  3rd Floor Trenton  NJ 08625
You Will Be Found College Essay Writing Challenge,"$1,500 ",April 26  2022,1,372 Fifth Avenue Suite 10B New York  NY 10018
Make A Ripple  Change the World Kindness Action Competition,"$1,000 ",January 21  2022,5,8500 Shawnee Mission Pkwy Suite L26 Merriam  KS 66202
Species On The Edge 2.0 Social Media Contest,"$1,000 ",May 19  2022,3,501 East State Street Building 5  3rd Floor Trenton  NJ 08625
You Will Be Found College Essay Writing Challenge,"$1,500 ",April 26  2022,1,372 Fifth Avenue Suite 10B New York  NY 10018
Make A Ripple  Change the World Kindness Action Competition,"$1,000 ",January 21  2022,5,8500 Shawnee Mission Pkwy Suite L26 Merriam  KS 66202
Species On The Edge 2.0 Social Media Contest,"$1,000 ",May 19  2022,3,501 East State Street Building 5  3rd Floor Trenton  NJ 08625
You Will Be Found College Essay Writing Challenge,"$1,500 ",April 26  2022,1,372 Fifth Avenue Suite 10B New York  NY 10018
Make A Ripple  Change the World Kindness Action Competition,"$1,000 ",January 21  2022,5,8500 Shawnee Mission Pkwy Suite L26 Merriam  KS 66202
Species On The Edge 2.0 Social Media Contest,"$1,000 ",May 19  2022,3,501 East State Street Building 5  3rd Floor Trenton  NJ 08625
You Will Be Found College Essay Writing Challenge,"$1,500 ",April 26  2022,1,372 Fifth Avenue Suite 10B New York  NY 10018
Make A Ripple  Change the World Kindness Action Competition,"$1,000 ",January 21  2022,5,8500 Shawnee Mission Pkwy Suite L26 Merriam  KS 66202
Species On The Edge 2.0 Social Media Contest,"$1,000 ",May 19  2022,3,501 East State Street Building 5  3rd Floor Trenton  NJ 08625
You Will Be Found College Essay Writing Challenge,"$1,500 ",April 26  2022,1,372 Fifth Avenue Suite 10B New York  NY 10018
Make A Ripple  Change the World Kindness Action Competition,"$1,000 ",January 21  2022,5,8500 Shawnee Mission Pkwy Suite L26 Merriam  KS 66202
Species On The Edge 2.0 Social Media Contest,"$1,000 ",May 19  2022,3,501 East State Street Building 5  3rd Floor Trenton  NJ 08625
You Will Be Found College Essay Writing Challenge,"$1,500 ",April 26  2022,1,372 Fifth Avenue Suite 10B New York  NY 10018
Make A Ripple  Change the World Kindness Action Competition,"$1,000 ",January 21  2022,5,8500 Shawnee Mission Pkwy Suite L26 Merriam  KS 66202
Species On The Edge 2.0 Social Media Contest,"$1,000 ",May 19  2022,3,501 East State Street Building 5  3rd Floor Trenton  NJ 08625
You Will Be Found College Essay Writing Challenge,"$1,500 ",April 26  2022,1,372 Fifth Avenue Suite 10B New York  NY 10018
Make A Ripple  Change the World Kindness Action Competition,"$1,000 ",January 21  2022,5,8500 Shawnee Mission Pkwy Suite L26 Merriam  KS 66202
Species On The Edge 2.0 Social Media Contest,"$1,000 ",May 19  2022,3,501 East State Street Building 5  3rd Floor Trenton  NJ 08625
You Will Be Found College Essay Writing Challenge,"$1,500 ",April 26  2022,1,372 Fifth Avenue Suite 10B New York  NY 10018
Make A Ripple  Change the World Kindness Action Competition,"$1,000 ",January 21  2022,5,8500 Shawnee Mission Pkwy Suite L26 Merriam  KS 66202
Species On The Edge 2.0 Social Media Contest,"$1,000 ",May 19  2022,3,501 East State Street Building 5  3rd Floor Trenton  NJ 08625
You Will Be Found College Essay Writing Challenge,"$1,500 ",April 26  2022,1,372 Fifth Avenue Suite 10B New York  NY 10018
Make A Ripple  Change the World Kindness Action Competition,"$1,000 ",January 21  2022,5,8500 Shawnee Mission Pkwy Suite L26 Merriam  KS 66202
Species On The Edge 2.0 Social Media Contest,"$1,000 ",May 19  2022,3,501 East State Street Building 5  3rd Floor Trenton  NJ 08625
You Will Be Found College Essay Writing Challenge,"$1,500 ",April 26  2022,1,372 Fifth Avenue Suite 10B New York  NY 10018
Make A Ripple  Change the World Kindness Action Competition,"$1,000 ",January 21  2022,5,8500 Shawnee Mission Pkwy Suite L26 Merriam  KS 66202
Species On The Edge 2.0 Social Media Contest,"$1,000 ",May 19  2022,3,501 East State Street Building 5  3rd Floor Trenton  NJ 08625
You Will Be Found College Essay Writing Challenge,"$1,500 ",April 26  2022,1,372 Fifth Avenue Suite 10B New York  NY 10018
Make A Ripple  Change the World Kindness Action Competition,"$1,000 ",January 21  2022,5,8500 Shawnee Mission Pkwy Suite L26 Merriam  KS 66202
Species On The Edge 2.0 Social Media Contest,"$1,000 ",May 19  2022,3,501 East State Street Building 5  3rd Floor Trenton  NJ 08625
You Will Be Found College Essay Writing Challenge,"$1,500 ",April 26  2022,1,372 Fifth Avenue Suite 10B New York  NY 10018
Make A Ripple  Change the World Kindness Action Competition,"$1,000 ",January 21  2022,5,8500 Shawnee Mission Pkwy Suite L26 Merriam  KS 66202
Species On The Edge 2.0 Social Media Contest,"$1,000 ",May 19  2022,3,501 East State Street Building 5  3rd Floor Trenton  NJ 08625
You Will Be Found College Essay Writing Challenge,"$1,500 ",April 26  2022,1,372 Fifth Avenue Suite 10B New York  NY 10018
Make A Ripple  Change the World Kindness Action Competition,"$1,000 ",January 21  2022,5,8500 Shawnee Mission Pkwy Suite L26 Merriam  KS 66202
Species On The Edge 2.0 Social Media Contest,"$1,000 ",May 19  2022,3,501 East State Street Building 5  3rd Floor Trenton  NJ 08625
You Will Be Found College Essay Writing Challenge,"$1,500 ",April 26  2022,1,372 Fifth Avenue Suite 10B New York  NY 10018
Make A Ripple  Change the World Kindness Action Competition,"$1,000 ",January 21  2022,5,8500 Shawnee Mission Pkwy Suite L26 Merriam  KS 66202
Species On The Edge 2.0 Social Media Contest,"$1,000 ",May 19  2022,3,501 East State Street Building 5  3rd Floor Trenton  NJ 08625
You Will Be Found College Essay Writing Challenge,"$1,500 ",April 26  2022,1,372 Fifth Avenue Suite 10B New York  NY 10018
Make A Ripple  Change the World Kindness Action Competition,"$1,000 ",January 21  2022,5,8500 Shawnee Mission Pkwy Suite L26 Merriam  KS 66202
Species On The Edge 2.0 Social Media Contest,"$1,000 ",May 19  2022,3,501 East State Street Building 5  3rd Floor Trenton  NJ 08625
You Will Be Found College Essay Writing Challenge,"$1,500 ",April 26  2022,1,372 Fifth Avenue Suite 10B New York  NY 10018
Make A Ripple  Change the World Kindness Action Competition,"$1,000 ",January 21  2022,5,8500 Shawnee Mission Pkwy Suite L26 Merriam  KS 66202
Species On The Edge 2.0 Social Media Contest,"$1,000 ",May 19  2022,3,501 East State Street Building 5  3rd Floor Trenton  NJ 08625
You Will Be Found College Essay Writing Challenge,"$1,500 ",April 26  2022,1,372 Fifth Avenue Suite 10B New York  NY 10018
Make A Ripple  Change the World Kindness Action Competition,"$1,000 ",January 21  2022,5,8500 Shawnee Mission Pkwy Suite L26 Merriam  KS 66202
Species On The Edge 2.0 Social Media Contest,"$1,000 ",May 19  2022,3,501 East State Street Building 5  3rd Floor Trenton  NJ 08625
You Will Be Found College Essay Writing Challenge,"$1,500 ",April 26  2022,1,372 Fifth Avenue Suite 10B New York  NY 10018
Make A Ripple  Change the World Kindness Action Competition,"$1,000 ",January 21  2022,5,8500 Shawnee Mission Pkwy Suite L26 Merriam  KS 66202
Species On The Edge 2.0 Social Media Contest,"$1,000 ",May 19  2022,3,501 East State Street Building 5  3rd Floor Trenton  NJ 08625
You Will Be Found College Essay Writing Challenge,"$1,500 ",April 26  2022,1,372 Fifth Avenue Suite 10B New York  NY 10018
Make A Ripple  Change the World Kindness Action Competition,"$1,000 ",January 21  2022,5,8500 Shawnee Mission Pkwy Suite L26 Merriam  KS 66202
Species On The Edge 2.0 Social Media Contest,"$1,000 ",May 19  2022,3,501 East State Street Building 5  3rd Floor Trenton  NJ 08625
You Will Be Found College Essay Writing Challenge,"$1,500 ",April 26  2022,1,372 Fifth Avenue Suite 10B New York  NY 10018
Make A Ripple  Change the World Kindness Action Competition,"$1,000 ",January 21  2022,5,8500 Shawnee Mission Pkwy Suite L26 Merriam  KS 66202
Species On The Edge 2.0 Social Media Contest,"$1,000 ",May 19  2022,3,501 East State Street Building 5  3rd Floor Trenton  NJ 08625
You Will Be Found College Essay Writing Challenge,"$1,500 ",April 26  2022,1,372 Fifth Avenue Suite 10B New York  NY 10018
Make A Ripple  Change the World Kindness Action Competition,"$1,000 ",January 21  2022,5,8500 Shawnee Mission Pkwy Suite L26 Merriam  KS 66202
Species On The Edge 2.0 Social Media Contest,"$1,000 ",May 19  2022,3,501 East State Street Building 5  3rd Floor Trenton  NJ 08625
You Will Be Found College Essay Writing Challenge,"$1,500 ",April 26  2022,1,372 Fifth Avenue Suite 10B New York  NY 10018
Make A Ripple  Change the World Kindness Action Competition,"$1,000 ",January 21  2022,5,8500 Shawnee Mission Pkwy Suite L26 Merriam  KS 66202
Species On The Edge 2.0 Social Media Contest,"$1,000 ",May 19  2022,3,501 East State Street Building 5  3rd Floor Trenton  NJ 08625
You Will Be Found College Essay Writing Challenge,"$1,500 ",April 26  2022,1,372 Fifth Avenue Suite 10B New York  NY 10018
Make A Ripple  Change the World Kindness Action Competition,"$1,000 ",January 21  2022,5,8500 Shawnee Mission Pkwy Suite L26 Merriam  KS 66202
Species On The Edge 2.0 Social Media Contest,"$1,000 ",May 19  2022,3,501 East State Street Building 5  3rd Floor Trenton  NJ 08625
You Will Be Found College Essay Writing Challenge,"$1,500 ",April 26  2022,1,372 Fifth Avenue Suite 10B New York  NY 10018
Make A Ripple  Change the World Kindness Action Competition,"$1,000 ",January 21  2022,5,8500 Shawnee Mission Pkwy Suite L26 Merriam  KS 66202
Species On The Edge 2.0 Social Media Contest,"$1,000 ",May 19  2022,3,501 East State Street Building 5  3rd Floor Trenton  NJ 08625
You Will Be Found College Essay Writing Challenge,"$1,500 ",April 26  2022,1,372 Fifth Avenue Suite 10B New York  NY 10018
Make A Ripple  Change the World Kindness Action Competition,"$1,000 ",January 21  2022,5,8500 Shawnee Mission Pkwy Suite L26 Merriam  KS 66202
Species On The Edge 2.0 Social Media Contest,"$1,000 ",May 19  2022,3,501 East State Street Building 5  3rd Floor Trenton  NJ 08625
You Will Be Found College Essay Writing Challenge,"$1,500 ",April 26  2022,1,372 Fifth Avenue Suite 10B New York  NY 10018
Make A Ripple  Change the World Kindness Action Competition,"$1,000 ",January 21  2022,5,8500 Shawnee Mission Pkwy Suite L26 Merriam  KS 66202
Species On The Edge 2.0 Social Media Contest,"$1,000 ",May 19  2022,3,501 East State Street Building 5  3rd Floor Trenton  NJ 08625
You Will Be Found College Essay Writing Challenge,"$1,500 ",April 26  2022,1,372 Fifth Avenue Suite 10B New York  NY 10018
Make A Ripple  Change the World Kindness Action Competition,"$1,000 ",January 21  2022,5,8500 Shawnee Mission Pkwy Suite L26 Merriam  KS 66202
Species On The Edge 2.0 Social Media Contest,"$1,000 ",May 19  2022,3,501 East State Street Building 5  3rd Floor Trenton  NJ 08625
You Will Be Found College Essay Writing Challenge,"$1,500 ",April 26  2022,1,372 Fifth Avenue Suite 10B New York  NY 10018
Make A Ripple  Change the World Kindness Action Competition,"$1,000 ",January 21  2022,5,8500 Shawnee Mission Pkwy Suite L26 Merriam  KS 66202
Species On The Edge 2.0 Social Media Contest,"$1,000 ",May 19  2022,3,501 East State Street Building 5  3rd Floor Trenton  NJ 08625
You Will Be Found College Essay Writing Challenge,"$1,500 ",April 26  2022,1,372 Fifth Avenue Suite 10B New York  NY 10018
Make A Ripple  Change the World Kindness Action Competition,"$1,000 ",January 21  2022,5,8500 Shawnee Mission Pkwy Suite L26 Merriam  KS 66202
Species On The Edge 2.0 Social Media Contest,"$1,000 ",May 19  2022,3,501 East State Street Building 5  3rd Floor Trenton  NJ 08625
You Will Be Found College Essay Writing Challenge,"$1,500 ",April 26  2022,1,372 Fifth Avenue Suite 10B New York  NY 10018
Make A Ripple  Change the World Kindness Action Competition,"$1,000 ",January 21  2022,5,8500 Shawnee Mission Pkwy Suite L26 Merriam  KS 66202
Species On The Edge 2.0 Social Media Contest,"$1,000 ",May 19  2022,3,501 East State Street Building 5  3rd Floor Trenton  NJ 08625
You Will Be Found College Essay Writing Challenge,"$1,500 ",April 26  2022,1,372 Fifth Avenue Suite 10B New York  NY 10018
Make A Ripple  Change the World Kindness Action Competition,"$1,000 ",January 21  2022,5,8500 Shawnee Mission Pkwy Suite L26 Merriam  KS 66202
Species On The Edge 2.0 Social Media Contest,"$1,000 ",May 19  2022,3,501 East State Street Building 5  3rd Floor Trenton  NJ 08625
You Will Be Found College Essay Writing Challenge,"$1,500 ",April 26  2022,1,372 Fifth Avenue Suite 10B New York  NY 10018
Make A Ripple  Change the World Kindness Action Competition,"$1,000 ",January 21  2022,5,8500 Shawnee Mission Pkwy Suite L26 Merriam  KS 66202
Species On The Edge 2.0 Social Media Contest,"$1,000 ",May 19  2022,3,501 East State Street Building 5  3rd Floor Trenton  NJ 08625
You Will Be Found College Essay Writing Challenge,"$1,500 ",April 26  2022,1,372 Fifth Avenue Suite 10B New York  NY 10018
Make A Ripple  Change the World Kindness Action Competition,"$1,000 ",January 21  2022,5,8500 Shawnee Mission Pkwy Suite L26 Merriam  KS 66202
Species On The Edge 2.0 Social Media Contest,"$1,000 ",May 19  2022,3,501 East State Street Building 5  3rd Floor Trenton  NJ 08625
You Will Be Found College Essay Writing Challenge,"$1,500 ",April 26  2022,1,372 Fifth Avenue Suite 10B New York  NY 10018
Make A Ripple  Change the World Kindness Action Competition,"$1,000 ",January 21  2022,5,8500 Shawnee Mission Pkwy Suite L26 Merriam  KS 66202
Species On The Edge 2.0 Social Media Contest,"$1,000 ",May 19  2022,3,501 East State Street Building 5  3rd Floor Trenton  NJ 08625
You Will Be Found College Essay Writing Challenge,"$1,500 ",April 26  2022,1,372 Fifth Avenue Suite 10B New York  NY 10018
Make A Ripple  Change the World Kindness Action Competition,"$1,000 ",January 21  2022,5,8500 Shawnee Mission Pkwy Suite L26 Merriam  KS 66202
Species On The Edge 2.0 Social Media Contest,"$1,000 ",May 19  2022,3,501 East State Street Building 5  3rd Floor Trenton  NJ 08625
You Will Be Found College Essay Writing Challenge,"$1,500 ",April 26  2022,1,372 Fifth Avenue Suite 10B New York  NY 10018
Make A Ripple  Change the World Kindness Action Competition,"$1,000 ",January 21  2022,5,8500 Shawnee Mission Pkwy Suite L26 Merriam  KS 66202
Species On The Edge 2.0 Social Media Contest,"$1,000 ",May 19  2022,3,501 East State Street Building 5  3rd Floor Trenton  NJ 08625
You Will Be Found College Essay Writing Challenge,"$1,500 ",April 26  2022,1,372 Fifth Avenue Suite 10B New York  NY 10018
Make A Ripple  Change the World Kindness Action Competition,"$1,000 ",January 21  2022,5,8500 Shawnee Mission Pkwy Suite L26 Merriam  KS 66202
Species On The Edge 2.0 Social Media Contest,"$1,000 ",May 19  2022,3,501 East State Street Building 5  3rd Floor Trenton  NJ 08625
You Will Be Found College Essay Writing Challenge,"$1,500 ",April 26  2022,1,372 Fifth Avenue Suite 10B New York  NY 10018
Make A Ripple  Change the World Kindness Action Competition,"$1,000 ",January 21  2022,5,8500 Shawnee Mission Pkwy Suite L26 Merriam  KS 66202
Species On The Edge 2.0 Social Media Contest,"$1,000 ",May 19  2022,3,501 East State Street Building 5  3rd Floor Trenton  NJ 08625
You Will Be Found College Essay Writing Challenge,"$1,500 ",April 26  2022,1,372 Fifth Avenue Suite 10B New York  NY 10018
Make A Ripple  Change the World Kindness Action Competition,"$1,000 ",January 21  2022,5,8500 Shawnee Mission Pkwy Suite L26 Merriam  KS 66202
Species On The Edge 2.0 Social Media Contest,"$1,000 ",May 19  2022,3,501 East State Street Building 5  3rd Floor Trenton  NJ 08625
You Will Be Found College Essay Writing Challenge,"$1,500 ",April 26  2022,1,372 Fifth Avenue Suite 10B New York  NY 10018
Make A Ripple  Change the World Kindness Action Competition,"$1,000 ",January 21  2022,5,8500 Shawnee Mission Pkwy Suite L26 Merriam  KS 66202
Species On The Edge 2.0 Social Media Contest,"$1,000 ",May 19  2022,3,501 East State Street Building 5  3rd Floor Trenton  NJ 08625
You Will Be Found College Essay Writing Challenge,"$1,500 ",April 26  2022,1,372 Fifth Avenue Suite 10B New York  NY 10018
Make A Ripple  Change the World Kindness Action Competition,"$1,000 ",January 21  2022,5,8500 Shawnee Mission Pkwy Suite L26 Merriam  KS 66202
Species On The Edge 2.0 Social Media Contest,"$1,000 ",May 19  2022,3,501 East State Street Building 5  3rd Floor Trenton  NJ 08625
You Will Be Found College Essay Writing Challenge,"$1,500 ",April 26  2022,1,372 Fifth Avenue Suite 10B New York  NY 10018
Make A Ripple  Change the World Kindness Action Competition,"$1,000 ",January 21  2022,5,8500 Shawnee Mission Pkwy Suite L26 Merriam  KS 66202
Species On The Edge 2.0 Social Media Contest,"$1,000 ",May 19  2022,3,501 East State Street Building 5  3rd Floor Trenton  NJ 08625
You Will Be Found College Essay Writing Challenge,"$1,500 ",April 26  2022,1,372 Fifth Avenue Suite 10B New York  NY 10018
Make A Ripple  Change the World Kindness Action Competition,"$1,000 ",January 21  2022,5,8500 Shawnee Mission Pkwy Suite L26 Merriam  KS 66202
Species On The Edge 2.0 Social Media Contest,"$1,000 ",May 19  2022,3,501 East State Street Building 5  3rd Floor Trenton  NJ 08625
You Will Be Found College Essay Writing Challenge,"$1,500 ",April 26  2022,1,372 Fifth Avenue Suite 10B New York  NY 10018
Make A Ripple  Change the World Kindness Action Competition,"$1,000 ",January 21  2022,5,8500 Shawnee Mission Pkwy Suite L26 Merriam  KS 66202
Species On The Edge 2.0 Social Media Contest,"$1,000 ",May 19  2022,3,501 East State Street Building 5  3rd Floor Trenton  NJ 08625
You Will Be Found College Essay Writing Challenge,"$1,500 ",April 26  2022,1,372 Fifth Avenue Suite 10B New York  NY 10018
Make A Ripple  Change the World Kindness Action Competition,"$1,000 ",January 21  2022,5,8500 Shawnee Mission Pkwy Suite L26 Merriam  KS 66202
Species On The Edge 2.0 Social Media Contest,"$1,000 ",May 19  2022,3,501 East State Street Building 5  3rd Floor Trenton  NJ 08625
You Will Be Found College Essay Writing Challenge,"$1,500 ",April 26  2022,1,372 Fifth Avenue Suite 10B New York  NY 10018
Make A Ripple  Change the World Kindness Action Competition,"$1,000 ",January 21  2022,5,8500 Shawnee Mission Pkwy Suite L26 Merriam  KS 66202
Species On The Edge 2.0 Social Media Contest,"$1,000 ",May 19  2022,3,501 East State Street Building 5  3rd Floor Trenton  NJ 08625
You Will Be Found College Essay Writing Challenge,"$1,500 ",April 26  2022,1,372 Fifth Avenue Suite 10B New York  NY 10018
Make A Ripple  Change the World Kindness Action Competition,"$1,000 ",January 21  2022,5,8500 Shawnee Mission Pkwy Suite L26 Merriam  KS 66202
Species On The Edge 2.0 Social Media Contest,"$1,000 ",May 19  2022,3,501 East State Street Building 5  3rd Floor Trenton  NJ 08625
You Will Be Found College Essay Writing Challenge,"$1,500 ",April 26  2022,1,372 Fifth Avenue Suite 10B New York  NY 10018
Make A Ripple  Change the World Kindness Action Competition,"$1,000 ",January 21  2022,5,8500 Shawnee Mission Pkwy Suite L26 Merriam  KS 66202
Species On The Edge 2.0 Social Media Contest,"$1,000 ",May 19  2022,3,501 East State Street Building 5  3rd Floor Trenton  NJ 08625
You Will Be Found College Essay Writing Challenge,"$1,500 ",April 26  2022,1,372 Fifth Avenue Suite 10B New York  NY 10018
Make A Ripple  Change the World Kindness Action Competition,"$1,000 ",January 21  2022,5,8500 Shawnee Mission Pkwy Suite L26 Merriam  KS 66202
Species On The Edge 2.0 Social Media Contest,"$1,000 ",May 19  2022,3,501 East State Street Building 5  3rd Floor Trenton  NJ 08625
You Will Be Found College Essay Writing Challenge,"$1,500 ",April 26  2022,1,372 Fifth Avenue Suite 10B New York  NY 10018
Make A Ripple  Change the World Kindness Action Competition,"$1,000 ",January 21  2022,5,8500 Shawnee Mission Pkwy Suite L26 Merriam  KS 66202
Species On The Edge 2.0 Social Media Contest,"$1,000 ",May 19  2022,3,501 East State Street Building 5  3rd Floor Trenton  NJ 08625
You Will Be Found College Essay Writing Challenge,"$1,500 ",April 26  2022,1,372 Fifth Avenue Suite 10B New York  NY 10018
Make A Ripple  Change the World Kindness Action Competition,"$1,000 ",January 21  2022,5,8500 Shawnee Mission Pkwy Suite L26 Merriam  KS 66202
Species On The Edge 2.0 Social Media Contest,"$1,000 ",May 19  2022,3,501 East State Street Building 5  3rd Floor Trenton  NJ 08625
You Will Be Found College Essay Writing Challenge,"$1,500 ",April 26  2022,1,372 Fifth Avenue Suite 10B New York  NY 10018
Make A Ripple  Change the World Kindness Action Competition,"$1,000 ",January 21  2022,5,8500 Shawnee Mission Pkwy Suite L26 Merriam  KS 66202
Species On The Edge 2.0 Social Media Contest,"$1,000 ",May 19  2022,3,501 East State Street Building 5  3rd Floor Trenton  NJ 08625
You Will Be Found College Essay Writing Challenge,"$1,500 ",April 26  2022,1,372 Fifth Avenue Suite 10B New York  NY 10018
